Compound,CAS,inchikey,pretty_name
1-Hexanol,111-27-3,ZSIAUFGUXNUGDI-UHFFFAOYSA-N,1-Hexanol
"1-Hexanol, 2-ethyl-",104-76-7,YIWUKEYIRIRTPP-UHFFFAOYSA-N,2-Ethylhexan-1-ol
1-Nonanol,143-08-8,ZWRUINPWMLAQRD-UHFFFAOYSA-N,1-Nonanol
1-Octanol,111-87-5,KBPLFHHGFOOTCA-UHFFFAOYSA-N,1-octanol
"1,2-Cyclopentanedione",3008-40-0,XZDMGEBEHZDGES-UHFFFAOYSA-N,"1,2-Cyclooctanedione"
13 (DCSE),NA,NA,NA
151,NA,NA,NA
168,NA,NA,NA
197,NA,NA,NA
"1H-Pyrrole, 2-methyl-",636-41-9,TVCXVUHHCUYLGX-UHFFFAOYSA-N,2-Methyl-1H-pyrrole
"2-Cyclopenten-1-one, 2-hydroxy-",10493-98-8,WOPKYMRPOKFYNI-UHFFFAOYSA-N,2-Hydroxycyclopent-2-en-1-one
"2-Cyclopentene-1,4-dione",930-60-9,XFNJVKMNNVCYEK-UHFFFAOYSA-N,1-Naphthylacetamide
2-Furanmethanol,98-00-0,XPFVYQJUAUNWIW-UHFFFAOYSA-N,2-Furanmethanol
2-Hydroxy-gamma-butyrolactone,19444-84-9,FWIBCWKHNZBDLS-UHFFFAOYSA-N,2-Hydroxy-gamma-butyrolactone
2-Methoxy-4-vinylphenol,7786-61-0,YOMSJEATGXXYPX-UHFFFAOYSA-N,p-Vinylguaiacol
"2-Propenoic acid, 2-methyl-, butyl ester",97-88-1,SOGAXMICEFXMKE-UHFFFAOYSA-N,BUTYL METHACRYLATE
2(5H)-Furanone,497-23-4,VIHAEDVKXSOUAT-UHFFFAOYSA-N,2-Butenolide
22 (DCSE),NA,NA,NA
24,NA,NA,NA
"3-Penten-2-one, 4-methyl-",141-79-7,SHOJXDKTYKFBRD-UHFFFAOYSA-N,MESITYL OXIDE
"3,7-Octadiene-2,6-diol, 2,6-dimethyl-",13741-21-4,QEOHJVNDENHRCH-UHFFFAOYSA-N,"3,7-Octadiene-2,6-diol, 2,6-dimethyl-, (3E,6R)-"
4-Cyanocyclohexene,100-45-8,GYBNBQFUPDFFQX-UHFFFAOYSA-N,3-Cyclohexene-1-carbonitrile
5-methylfurfural,620-02-0,NA,NA
9 (DCSE),NA,NA,NA
Acetophenone,98-86-2,KWOLFJPFCHCOCG-UHFFFAOYSA-N,ACETOPHENONE
Benzaldehyde,100-52-7,HUMNYLRZRPPJDN-UHFFFAOYSA-N,benzaldehyde
Benzeneacetaldehyde,122-78-1,DTUQWGWMVIHBKE-UHFFFAOYSA-N,phenylacetaldehyde
Benzothiazole,95-16-9,IOJUPLGTWVMSFF-UHFFFAOYSA-N,BENZOTHIAZOLE
Benzyl Alcohol,100-51-6,WVDDGKGOMKODPV-UHFFFAOYSA-N,benzyl alcohol
Benzyl nitrile,140-29-4,SUSQOBVLVYHIEX-UHFFFAOYSA-N,Benzeneacetonitrile
beta-Pinene,127-91-3,WTARULDDTDQWMU-UHFFFAOYSA-N,BETA-PINENE
Butanoic acid,107-92-6,FERIUCNNQQJTOY-UHFFFAOYSA-N,n-Butyric acid
"Butanoic acid, 3-hexenyl ester, (Z)-",16491-36-4,NA,NA
Butanoic acid<2-methyl->,116-53-0,WLAMNBDJUVNPJU-UHFFFAOYSA-N,2-METHYLBUTYRIC ACID
Butylated Hydroxytoluene,128-37-0,NA,NA
Butyrolactone,96-48-0,YEJRWHAVMIAJKC-UHFFFAOYSA-N,gamma-Butyrolactone
Cadinene<delta->,483-76-1,YUSHFLBKQQILNV-UHFFFAOYSA-N,Doxepinone
cis-3-Hexenyl isovalerate,35154-45-1,NA,NA
cis-Linalool oxide (furanoid),5989-33-3,BRHDDEIRQPDPMG-UHFFFAOYSA-N,Linolool oxide
"Cyclohexanone, 3,3,5-trimethyl-",873-94-9,POSWICCRDBKBMH-UHFFFAOYSA-N,Dihydroisophorone
Cyclopentanone,120-92-3,BGTOWKSIORTVQH-UHFFFAOYSA-N,CYCLOPENTANONE
Dodecanoic acid,143-07-7,POULHZVOKOAJMA-UHFFFAOYSA-N,DODECANOIC ACID
"Ethanol, 2-phenoxy-",122-99-6,QCDWFXQBSFUVSP-UHFFFAOYSA-N,2-PHENOXYETHANOL
Ethyl hexanoic acid<2->,149-57-5,WWZKQHOCKIZLMA-UHFFFAOYSA-N,octanoic acid
Ethylbenzene,100-41-4,YNQLUTRBYVCPMQ-UHFFFAOYSA-N,ETHYLBENZENE
"Farnesene<(E,E)-alpha->",502-61-4,CXENHBSYCFFKJS-VDQVFBMKSA-N,"(E,E)-alpha-farnesene"
Fokienol,33440-00-5,NA,NA
"Formamide, N,N-dibutyl-",761-65-9,NZMAJUHVSZBJHL-UHFFFAOYSA-N,"N,N-DIBUTYLFORMAMIDE"
Furfural,98-01-1,HYBBIBNJHNGZAN-UHFFFAOYSA-N,FURFURAL
Heptanal,111-71-7,FXHGMKSSBGDXIY-UHFFFAOYSA-N,Heptanal
Heptanoic acid,111-14-8,MNWFXJYAOYHMED-UHFFFAOYSA-N,HEPTANOIC ACID
"Heptanol<2,6-dimethyl-2->",13254-34-7,HGDVHRITTGWMJK-UHFFFAOYSA-N,"2,6-Dimethyl-2-heptanol"
Hepten-2-one<6-methyl-5->,110-93-0,NA,NA
Hexadecanol<N->,36653-82-4,BXWNKGSJHAJOGX-UHFFFAOYSA-N,1-Hexadecanol
Hexanal,66-25-1,JARKCYVAAOWBJS-UHFFFAOYSA-N,HEXANAL
Hexanoic acid,142-62-1,FUZZWVXGSFPDMH-UHFFFAOYSA-N,HEXANOIC ACID
Hexenol<2E->,928-95-0,ZCHHRLHTBGRGOT-SNAWJCMRSA-N,trans-2-Hexen-1-Ol
Hexenyl acetate<3Z->,3681-71-8,NA,NA
Hexenyl hexenoate<3Z->,31501-11-8,NA,NA
Indole,120-72-9,SIKJAQJRHWYJAI-UHFFFAOYSA-N,indole
Isovaleric acid,503-74-2,GWYFCOCPABKNJV-UHFFFAOYSA-N,ISOVALERIC ACID
Levoglucosenone,37112-31-5,HITOXZPZGPXYHY-UJURSFKZSA-N,Levoglucosenone
Linalool,78-70-6,CDOSHBSSFJOMGT-UHFFFAOYSA-N,Linalool
Linalool oxide<cis->(pyanoid),14009-71-3,BCTBAGTXFYWYMW-UHFFFAOYSA-N,Linalool oxide pyranoside
Linalool oxide<dehydroxy-trans->,54750-70-8,XIGFNCYVSHOLIF-VHSXEESVSA-N,Herboxide
Methyl dihydrojasmonate<cis->,39647-11-5,KVWWIYGFBYDJQC-MNOVXSKESA-N,cis-Methyl dihydrojasmonate
Myrcene,123-35-3,UAHWPYUMFXYFJY-UHFFFAOYSA-N,beta-Myrcene
n-Decanoic acid,334-48-5,GHVNFZFCNZKVNT-UHFFFAOYSA-N,n-Decanoic acid
n-Hexadecanoic acid,57-10-3,IPCSVZSSVZVIGE-UHFFFAOYSA-N,n-Hexadecanoic acid
Nonanal<N->,124-19-6,GYHFUZHODSMOHU-UHFFFAOYSA-N,1-Nonanal
Nonanoic acid,112-05-0,FBUKVWPVBMHYJY-UHFFFAOYSA-N,n-Nonanoic acid
o-Hydroxybiphenyl,90-43-7,NA,NA
Ocimene<(E)-beta->,3379-61-1,NA,NA
Ocimene<(Z)-beta->,3338-55-4,IHPKGUQCSIINRJ-NTMALXAHSA-N,(Z)-BETA-OCIMENE
Ocimene<allo->,3016-19-1,GQVMHMFBVWSSPF-SOYUKNQTSA-N,ALLO-OCIMENE
Octadecanol<N->,112-92-5,GLDOVTGHNKAZLK-UHFFFAOYSA-N,1-OCTADECANOL
Octanal,124-13-0,NUJGJRNETVAIRJ-UHFFFAOYSA-N,n-Octanal
Octanoic acid,124-07-2,WWZKQHOCKIZLMA-UHFFFAOYSA-N,n-octanoic acid
Octen-3-one<1->,4312-99-6,KLTVSWGXIAYTHO-UHFFFAOYSA-N,1-OCTEN-3-ONE
p-Xylene,106-42-3,URLKBWYHVLBVBO-UHFFFAOYSA-N,P-XYLENE
"Pentane, 1-nitro-",628-05-7,BVALZCVRLDMXOQ-UHFFFAOYSA-N,1-Nitropentane
Pentanoic acid,109-52-4,NQPDZGIKBAWPEJ-UHFFFAOYSA-N,n-Pentanoic acid
Pentyl furan<2->,3777-69-3,YVBAUDVGOFCUSG-UHFFFAOYSA-N,2-PENTYLFURAN
Phenol,108-95-2,ISWSIDIOOBJBQZ-UHFFFAOYSA-N,phenol
"Phenol, 2,4-bis(1,1-dimethylethyl)-",96-76-4,ICKWICRCANNIBI-UHFFFAOYSA-N,"2,4-Di-tert-butylphenol"
"Phenol, p-tert-butyl-",98-54-4,QHPQWRBYOIRBIT-UHFFFAOYSA-N,p-tert-Butylphenol
Phenylethyl Alcohol,60-12-8,WRMNZCZEMHIOCP-UHFFFAOYSA-N,Phenethyl alcohol
"Propanoic acid, 2-methyl-",79-31-2,KQNPFQTWMSNSAP-UHFFFAOYSA-N,ISOBUTYRIC ACID
"Propanoic acid, 2-methyl-, 3-hydroxy-2,4,4-trimethylpentyl ester",74367-34-3,WXFRFCWHHBELIH-UHFFFAOYSA-N,"(3-hydroxy-2,4,4-trimethylpentyl) 2-methylpropanoate"
Terpinene<gamma->,99-85-4,YKFLAYDHMOASIY-UHFFFAOYSA-N,GAMMA-TERPINENE
Tetradecanoic acid,544-63-8,NA,NA
trans-?-Bergamotene,13474-59-4,NA,NA
trans-Linalool oxide (furanoid),5989-33-3,BRHDDEIRQPDPMG-UHFFFAOYSA-N,Linalyl oxide
Vanillin,121-33-5,MWOOGOJBHIARFG-UHFFFAOYSA-N,vanillin
.tau.-Cadinol,5937-11-1,HWXJDLBJPSCNJL-UHFFFAOYSA-N,((Trimethylsilyl)methyl)urea
1 (DCSE),NA,NA,NA
1-(4-tert-Butylphenyl)propan-2-one,81561-77-5,HSNJERRVXUNQLS-UHFFFAOYSA-N,1-(4-tert-Butylphenyl)propan-2-one
"1-Octanol, 3,7-dimethyl-",106-21-8,NA,NA
"1,1'-Biphenyl, 3,4-diethyl-",61141-66-0,NA,NA
"1,2,3-Trimethylbenzene",526-73-8,FYGHSUNMUKGBRK-UHFFFAOYSA-N,"1,2,3-TRIMETHYLBENZENE"
"1,2,4-Trimethylbenzene",95-63-6,GWHJZXXIDMPWGX-UHFFFAOYSA-N,Pseudocumene
"1,4-DIacetylbenzene",1009-61-6,SKBBQSLSGRSQAJ-UHFFFAOYSA-N,"1,4-Diacetylbenzene"
"1,4-Dimethylnaphthalene",571-58-4,APQSQLNWAIULLK-UHFFFAOYSA-N,"1,4-dimethyl-naphthalene"
"10,18-Bisnorabieta-8,11,13-triene",32624-67-2,NA,NA
101,NA,NA,NA
102,NA,NA,NA
103,NA,NA,NA
107,NA,NA,NA
11 (DCSE),NA,NA,NA
115,NA,NA,NA
117,NA,NA,NA
118,NA,NA,NA
120,NA,NA,NA
127,NA,NA,NA
145,NA,NA,NA
148,NA,NA,NA
149,NA,NA,NA
158,NA,NA,NA
164,NA,NA,NA
17,NA,NA,NA
17 (DCSE),NA,NA,NA
173,NA,NA,NA
176,NA,NA,NA
179,NA,NA,NA
18 (DCSE),NA,NA,NA
184,NA,NA,NA
19 (DCSE),NA,NA,NA
191,NA,NA,NA
194,NA,NA,NA
199,NA,NA,NA
2 (DCSE),NA,NA,NA
2-Acetylfuran,1192-62-7,IEMMBWWQXVXBEU-UHFFFAOYSA-N,2-Acetylfuran
"2-Butenal, 3-methyl-",107-86-8,SEPQTYODOKLVSB-UHFFFAOYSA-N,3-Methyl-2-butenal
2-Cyclohexen-1-ol,822-67-3,PQANGXXSEABURG-UHFFFAOYSA-N,2-CYCLOHEXEN-1-OL
2-Cyclopenten-1-one,930-30-3,BZKFMUIJRXWWQK-UHFFFAOYSA-N,2-CYCLOPENTEN-1-ONE
"2-Heptanone, 4-methyl-",6137-06-0,BIFPSSTVLFHHEI-UHFFFAOYSA-N,4-Methyl-2-heptanone
"2-Heptanone, 4,6-dimethyl-",19549-80-5,YXFDTUKUWNQPFV-UHFFFAOYSA-N,"4,6-Dimethylheptan-2-one"
"2-Heptanone, 6-methyl-",928-68-7,DPLGXGDPPMLJHN-UHFFFAOYSA-N,6-Methylheptan-2-one
2-Hexanone,591-78-6,QQZOPKMRPOGIEB-UHFFFAOYSA-N,2-HEXANONE
2-Methyl-1-undecanol,10522-26-6,FGZXHVORLPLICA-UHFFFAOYSA-N,2-Methyl-1-undecanol
2-Octanone,111-13-7,ZPVFWPFBNIEHGJ-UHFFFAOYSA-N,2-OCTANONE
"2-Octen-1-ol, (E)-",18409-17-1,AYQPVPFZWIQERS-VOTSOKGWSA-N,trans-2-Octen-1-Ol
"2-Propenoic acid, butyl ester",141-32-2,CQEYYJKEWSMYFG-UHFFFAOYSA-N,BUTYL ACRYLATE
"2-Pyrrolidinone, 1-methyl-",872-50-4,SECXISVLQFMRJM-UHFFFAOYSA-N,1-METHYL-2-PYRROLIDINONE
"2,4-Dimethyl-1-heptene",19549-87-2,ZGESSLXCFYCMLJ-UHFFFAOYSA-N,CYCLOPENTYL 4-METHOXYPHENYL KETONE
"2,5-Pyrrolidinedione, 1-ethyl-",2314-78-5,NA,NA
"2(5H)-Furanone, 5-ethyl-",2407-43-4,JBFHTYHTHYHCDJ-UHFFFAOYSA-N,gamma-Hexalactone
20,NA,NA,NA
201,NA,NA,NA
26,NA,NA,NA
266,NA,NA,NA
29.22 Tridecanal,10486-19-8,BGEHHAVMRVXCGR-UHFFFAOYSA-N,n-tridecanal
3 (DCSE),NA,NA,NA
3-Furaldehyde,498-60-2,AZVSIHIBYRHSLB-UHFFFAOYSA-N,3-Furaldehyde
3-Heptanone,106-35-4,NGAZZOYFWWSOGK-UHFFFAOYSA-N,3-Heptanone
3-Methyl-2(5H)-furanone,22122-36-7,VGHBEMPMIVEGJP-UHFFFAOYSA-N,3-Methyl-2(5H)-furanone
3-Methylacetophenone,585-74-0,BAYUSCHCCGXLAY-UHFFFAOYSA-N,3-Methoxyacetophenone
"3-Pentanone, 2,4-dimethyl-",565-80-0,HXVNBWAKAOHACI-UHFFFAOYSA-N,Diisopropyl ketone
"3,5-di-tert-Butyl-4-hydroxybenzaldehyde",1620-98-0,DOZRDZLFLOODMB-UHFFFAOYSA-N,"3,5-Di-tert-butyl-4-hydroxybenzaldehyde"
36,NA,NA,NA
37,NA,NA,NA
4-Methylbiphenyl,644-08-6,ZZLCFHIKESPLTH-UHFFFAOYSA-N,p-Methylbiphenyl
40,NA,NA,NA
44,NA,NA,NA
5 (DCSE),NA,NA,NA
5-Hydroxymethylfurfural,67-47-0,NOEGNKMFWQHSLB-UHFFFAOYSA-N,5-HYDROXYMETHYLFURFURAL
"5,9-Undecadien-2-one, 6,10-dimethyl-, (E)-",3796-70-1,HNZUNIKWNYHEJJ-FMIVXFBMSA-N,Geranylacetone
57,NA,NA,NA
58,NA,NA,NA
60,NA,NA,NA
62,NA,NA,NA
68,NA,NA,NA
69,NA,NA,NA
7 (DCSE),NA,NA,NA
70,NA,NA,NA
74,NA,NA,NA
75,NA,NA,NA
76,NA,NA,NA
79,NA,NA,NA
83,NA,NA,NA
84,NA,NA,NA
86,NA,NA,NA
94,NA,NA,NA
96,NA,NA,NA
Acetylpyrrole<2->,1072-83-9,IGJQUJNPMOYEJY-UHFFFAOYSA-N,2-ACETYLPYRROLE
alpha-cyclocitral,432-24-6,ZVZRJSHOOULAGB-UHFFFAOYSA-N,alpha-Cyclocitral
alpha-Muurolol,19435-97-3,LHYHMMRYTDARSZ-UHFFFAOYSA-N,alpha-Cadinol
alpha-Terpineol,98-55-5,WUOACPNHFRMFPN-UHFFFAOYSA-N,alpha-TERPINEOL
Amorphene<alpha->,20085-19-2,NA,NA
Anthracene,120-12-7,MWPLVEDNUUSJAV-UHFFFAOYSA-N,ANTHRACENE
"Benzaldehyde, 4-ethoxy-",10031-82-0,JRHHJNMASOIRDS-UHFFFAOYSA-N,4-ETHOXYBENZALDEHYDE
"Benzaldehyde, 4-methyl-",104-87-0,FXLOVSHXALFLKQ-UHFFFAOYSA-N,p-Tolualdehyde
"Benzenamine, 3-methyl-",108-44-1,JJYPMNFTHPTTDI-UHFFFAOYSA-N,m-Toluidine
"Benzene, 1-ethyl-4-methyl-",622-96-8,JRLPEMVDPFPYPJ-UHFFFAOYSA-N,P-ETHYLTOLUENE
"Benzene, 1,2,3,5-tetramethyl-",527-53-7,BFIMMTCNYPIMRN-UHFFFAOYSA-N,"1,2,3,5-TETRAMETHYLBENZENE"
"Benzene, 1,3,5-trimethyl-",108-67-8,AUHZEENZYGFFBQ-UHFFFAOYSA-N,MESITYLENE
"Benzene, 2-ethyl-1,4-dimethyl-",1758-88-9,AXIUBBVSOWPLDA-UHFFFAOYSA-N,2-Ethyl-p-xylene
"Benzene, 2-methoxy-4-methyl-1-(1-methylethyl)-",1076-56-8,NA,NA
Benzenecarboxylic acid,65-85-0,WPYMKLBDIGXBTP-UHFFFAOYSA-N,benzoic acid
"Benzenemethanol, ?,?-dimethyl-",617-94-7,BDCFWIDZNLCTMF-UHFFFAOYSA-N,2-Phenyl-2-propanol
"Benzofuran, 2,3-dihydro-",496-16-2,IANQTJSKSUMEQM-UHFFFAOYSA-N,BENZOFURAN
"Benzoic acid, 2-ethylhexyl ester",5444-75-7,UADWUILHKRXHMM-UHFFFAOYSA-N,2-Ethylhexyl benzoate
"Benzoic acid, 4-ethoxy-, ethyl ester",23676-09-7,NA,NA
Benzophenone,119-61-9,RWCCWEUUXYIKHB-UHFFFAOYSA-N,BENZOPHENONE
Benzyl acetate,140-11-4,QUKGYYKBILRGFE-UHFFFAOYSA-N,BENZYL ACETATE
Benzyl Benzoate,120-51-4,SESFRYSPDFLNCH-UHFFFAOYSA-N,BENZYL BENZOATE
Bergamal,106-72-9,YGFGZTXGYTUXBA-UHFFFAOYSA-N,Bergamal
"Bicyclo[3.1.1]heptan-2-one, 6,6-dimethyl-",24903-95-5,XZFDKWMYCUEKSS-UHFFFAOYSA-N,Nopinone
"Bicyclo[3.1.1]heptan-3-one, 2,6,6-trimethyl-, (1-alpha,2-alpha,5-alpha)-",547-60-4,MQPHVIPKLRXGDJ-UHFFFAOYSA-N,Pinocamphone
"Bicyclo[3.1.1]heptan-3-one, 2,6,6-trimethyl-, (1-alpha,2-beta,5-alpha)",15358-88-0,MQPHVIPKLRXGDJ-UHFFFAOYSA-N,Pinocamphone
Biphenyl,92-52-4,ZUOUZKKEUPVFJK-UHFFFAOYSA-N,Biphenyl
Borneol,507-70-0,DTGKSKDOIYIVQL-UHFFFAOYSA-N,Borneol
Bornylene,464-17-5,KUKRLSJNTMLPPK-UHFFFAOYSA-N,Bornylene
Butyl acetate,123-86-4,DKPFZGUDAPQIHT-UHFFFAOYSA-N,N-BUTYL ACETATE
"Butyl aldoxime, 3-methyl-, anti",5775-74-6,JAUPRNSQRRCCRR-GQCTYLIASA-N,3-Methylbutyraldehyde oxime
"Butyl aldoxime, 3-methyl-, syn-",5780-40-5,JAUPRNSQRRCCRR-XQRVVYSFSA-N,z-isovaleraldoxime
Butyl butanoate,109-21-7,XUPYJHCZDLZNFP-UHFFFAOYSA-N,n-Butyl butyrate
Butyl propanoate,590-01-2,BTMVHUNTONAYDX-UHFFFAOYSA-N,N-BUTYL PROPIONATE
Cadalene,483-78-3,VMOJIHDTVZTGDO-UHFFFAOYSA-N,CADALENE
Cadinene<gamma->,39029-41-9,YGPSJZOEDVAXAB-QMMMGPOBSA-N,L-kynurenine
Cadinol<alpha->,481-34-5,LHYHMMRYTDARSZ-BYNSBNAKSA-N,alpha-Cadinol
Calacorene<alpha->,21391-99-1,NA,NA
Calamenene<cis->,72937-55-4,NA,NA
Camphor,464-48-2,DSSYKIVIOFKYAU-UHFFFAOYSA-N,camphor
Caprolactam,105-60-2,JBKVHLHDHHXQEQ-UHFFFAOYSA-N,CAPROLACTAM
Carene<delta-3->,13466-78-9,NA,NA
"Carvacrol, methyl ether",6379-73-3,YVLHTQPPMZOCOW-UHFFFAOYSA-N,Carvacryl methyl ether
Carvone,2244-16-8,ULDHMXUKGWMISQ-UHFFFAOYSA-N,CARVONE
Caryophyllene<E->,118-65-0,NPNUFJAVOOONJE-FLFDDASRSA-N,Caryophyllene
Cedr-8-ene,469-61-4,IRAQOCYXUMOFCW-UHFFFAOYSA-N,Cedrene
Cedrol,77-53-2,SVURIXNDRWRAFU-UHFFFAOYSA-N,Epicedrol
Coumarin,91-64-5,ZYGHJZDHTFUPRJ-UHFFFAOYSA-N,coumarin
Cresol<para->,106-44-5,IWDCLRJOBJJRNH-UHFFFAOYSA-N,P-CRESOL
Cumene,98-82-8,RWGFKTVRMDUZSP-UHFFFAOYSA-N,CUMENE
Cuminaldehyde,122-03-2,WTWBUQJHJGUZCY-UHFFFAOYSA-N,cuminaldehyde
Cyclohexanone,108-94-1,JHIVVAPYMSGYDF-UHFFFAOYSA-N,CYCLOHEXANONE
"Cyclopentanone, 2-methyl-",1120-72-5,ZIXLDMFVRPABBX-UHFFFAOYSA-N,2-METHYLCYCLOPENTANONE
Cymene<para->,527-84-4,WWRCMNKATXZARA-UHFFFAOYSA-N,O-CYMENE
Cymenene<para->,1195-32-0,MMSLOZQEMPDGPI-UHFFFAOYSA-N,Dehydro-p-cymene
Decanal,112-31-2,KSMVZQYAVGTKIV-UHFFFAOYSA-N,Decanal
"Decane, 2-methyl-",6975-98-0,CNPVJWYWYZMPDS-UHFFFAOYSA-N,2-METHYLDECANE
"Decane, 4-methyl-",2847-72-5,DVWZNKLWPILULD-UHFFFAOYSA-N,4-METHYLDECANE
Decanone<2->,693-54-9,ZAJNGDIORYACQU-UHFFFAOYSA-N,2-Decanone
Diethyltoluamide,134-62-3,MMOXZBCLCQITDF-UHFFFAOYSA-N,DEET
Dihydroactinidiolide,17092-92-1,IMKHDCBNRDRUEB-UHFFFAOYSA-N,DIHYDROACTINIDIOLIDE
Dimethyl trisulfide,3658-80-8,YWHLKYXPLRWGSE-UHFFFAOYSA-N,Dimethyl trisulfide
Dodecanal,112-54-9,HFJRKMMYBMWEAD-UHFFFAOYSA-N,DODECANAL
Dodecanol<N->,112-53-8,LQZZUXJYWNFBMV-UHFFFAOYSA-N,1-DODECANOL
Elemicin,487-11-6,BPLQKQKXWHCZSS-UHFFFAOYSA-N,Elemicin
"Ethanone, 1-(4-methylphenyl)-",122-00-9,GNKZMNRKLCTJAY-UHFFFAOYSA-N,p-Methylacetophenone
Ethyl hexyl acetate<2->,103-09-3,YLYBTZIQSIBWLI-UHFFFAOYSA-N,Octyl acetate
Eucalyptol,470-82-6,WEEGYLXZBRQIMU-UHFFFAOYSA-N,Eucalyptol
Eugenol,97-53-0,RRAFCDWBNXTKKO-UHFFFAOYSA-N,eugenol
Fenchol<endo->,14575-74-7,NA,NA
Fenchone,1195-79-5,LHXDLQBQYFFVNW-UHFFFAOYSA-N,Fenchone
Fluorene,86-73-7,NIHNNTQXNPWCJQ-UHFFFAOYSA-N,FLUORENE
"Formamide, N,N-diethyl-",617-84-5,SUAKHGWARZSWIH-UHFFFAOYSA-N,"N,N-DIETHYLFORMAMIDE"
gamm-Octanolactone,104-50-7,IPBFYZQJXZJBFQ-UHFFFAOYSA-N,GAMMA-OCTALACTONE
gamma-Decanolactone,706-14-9,IFYYFLINQYPWGJ-UHFFFAOYSA-N,gamma-Decalactone
gamma-Nonalactone,104-61-0,OALYTRUKMRCXNH-UHFFFAOYSA-N,Gamma-nonalactone
gamma-Undecalatone,104-67-6,PHXATPHONSXBIL-UHFFFAOYSA-N,Gamma-undecalactone
gamma-Valerolactone,108-29-2,WRHZVMBBRYBTKZ-UHFFFAOYSA-N,2-Pyrrolecarboxylic acid
Geranial,5392-40-5,WTEVQBCEXWBHNA-JXMROGBWSA-N,Citral
Geranic acid,459-80-3,ZHYZQXUYZJNEHD-VQHVLOKHSA-N,GERANIC ACID
Geraniol,106-24-1,NA,NA
Geranyl formate,105-86-2,NA,NA
Geranylacetone,3879-26-3,HNZUNIKWNYHEJJ-XFXZXTDPSA-N,Nerylacetone
Glycerin,56-81-5,PEDCQBHIVMGVHV-UHFFFAOYSA-N,glycerol
Heptalactone<gamma->,105-21-5,VLSVVMPLPMNWBH-UHFFFAOYSA-N,gamma-Heptalactone
"Heptane, 2,4-dimethyl-",2213-23-2,AUKVIBNBLXQNIZ-UHFFFAOYSA-N,"2,4-DIMETHYLHEPTANE"
"Heptane, 3-methylene-",1632-16-2,XTVRLCUJHGUXCP-UHFFFAOYSA-N,2-Ethylhexene
Heptanol<N->,111-70-6,BBMCTIGTTCKYKF-UHFFFAOYSA-N,n-Heptanol
Heptanone<2->,110-43-0,CATSNJVOTSVZJV-UHFFFAOYSA-N,2-HEPTANONE
Hexenol<2Z->,928-94-9,NA,NA
Hexenyl benzoate<2E->,76841-70-8,QFJRHTWDJOIOBT-UHFFFAOYSA-N,"2-Hexen-1-ol, benzoate, (2E)-"
Homomenthyl salicylate,52253-93-7,WSSJONWNBBTCMG-UHFFFAOYSA-N,Homomenthyl salicylate
Indene,95-13-6,YBYIRNPNPLQARY-UHFFFAOYSA-N,INDENE
Isoborneol,464-45-9,DTGKSKDOIYIVQL-UHFFFAOYSA-N,Borneol
Isoeugenol,5932-68-3,BJIOGJUNALELMI-ONEGZZNKSA-N,Isoeugenol
Isopentyl acetate,123-92-2,MLFHJEHSLIIPHL-UHFFFAOYSA-N,ISOAMYL ACETATE
Isopropyl hexadecanoate,142-91-6,XUGNVMKQXJXZCD-UHFFFAOYSA-N,ISOPROPYL PALMITATE
Isopropyl tetradecanoate,110-27-0,AXISYYRBXTVTFY-UHFFFAOYSA-N,ISOPROPYL MYRISTATE
Lavender Lactone,1073-11-6,QESPSAHXYXIGBG-UHFFFAOYSA-N,Lavender lactone
Limonene,138-86-3,NA,NA
Linalool acetate,115-95-7,UWKAYLJWKGQEPM-UHFFFAOYSA-N,Bergamol
Linalool oxide<trans->(pyranoid),41720-62-1,BCTBAGTXFYWYMW-UHFFFAOYSA-N,Linalool oxide pyranoside
Longifolene,475-20-7,PDSNLYSELAIEBU-UHFFFAOYSA-N,LONGIFOLENE
Maltol,118-71-8,XPCTZQVDEJYUGT-UHFFFAOYSA-N,MALTOL
Menthol,1490-04-6,NOOLISFMXDJSKH-KXUCPTDWSA-N,l-Menthol
Menthyl lactate,59259-38-0,UJNOLBSYLSYIBM-UHFFFAOYSA-N,MENTHYL LACTATE
Methenamine,100-97-0,VKYKSIONXSXAKP-UHFFFAOYSA-N,methenamine
Methyl anthranilate,134-20-3,VAMXMNNIEUEQDV-UHFFFAOYSA-N,METHYL ANTHRANILATE
Methyl benzoate,93-58-3,QPJVMBTYPHYUOC-UHFFFAOYSA-N,METHYL BENZOATE
Methyl jasmonate,1211-29-6,GEWDNTWNSAZUDX-WQMVXFAESA-N,Methyl jasmonate
Methyl pyruvate,600-22-6,CWKLZLBVOJRSOM-UHFFFAOYSA-N,METHYL PYRUVATE
Methyl salicylate,119-36-8,OSWPMRLSEDHDFF-UHFFFAOYSA-N,methyl salicylate
Murrolol<epi-alpha-> (=tau-muurolol),19912-62-0,LHYHMMRYTDARSZ-AJNGGQMLSA-N,epi-alpha-Muurolol
Naphthalene,91-20-3,UFWIBTONFRDIAS-UHFFFAOYSA-N,naphthalene
"Naphthalene, 1-methyl-",90-12-0,QPUYECUOLPXSFR-UHFFFAOYSA-N,1-METHYLNAPHTHALENE
"Naphthalene, 2-methyl-",91-57-6,QIMMUPPBPVKWKM-UHFFFAOYSA-N,2-METHYLNAPHTHALENE
"Naphthalene, 2,6-dimethyl-",581-42-0,YGYNBBAUIYTWBF-UHFFFAOYSA-N,"2,6-DIMETHYLNAPHTHALENE"
Nerol,106-25-2,NA,NA
Nerolidol<E->,142-50-7,FQTLCLSUCSAZDY-SDNWHVSQSA-N,trans-Nerolidol
o-Xylene,95-47-6,CTQNGGLPUBDAKN-UHFFFAOYSA-N,O-XYLENE
"Octane, 4-methyl-",2216-34-4,DOGIHOCMZJUJNR-UHFFFAOYSA-N,4-methyl-octane
Octen-3-ol<1->,3391-86-4,VSMOENVRRABVKN-UHFFFAOYSA-N,1-OCTEN-3-OL
p-Cymen-8-ol,1197-01-9,XLPDVYGDNRIQFV-UHFFFAOYSA-N,p-Cymen-8-ol
"Pentanal, 2-methyl-",123-15-9,FTZILAQGHINQQR-UHFFFAOYSA-N,2-Methylpentanal
"Pentanoic acid, 2-ethylhexyl ester",5451-87-6,ZTWCNFGTSPQNPG-UHFFFAOYSA-N,5-amino-1-(4-chlorophenyl)-1h-pyrazole-4-carboxamide
Pentenol<2Z->,1576-95-0,NA,NA
Phellandrene<alpha->,99-83-2,OGLDWXZKYODSOB-UHFFFAOYSA-N,ALPHA-PHELLANDRENE
"Phenol, 2-methoxy-",90-05-1,LHGVFZTZFXWLCP-UHFFFAOYSA-N,guaiacol
"Phenol, 2-methoxy-4-(1-propenyl)-",97-54-1,BJIOGJUNALELMI-ONEGZZNKSA-N,Isoeugenol
"Phenol, 4-ethyl-2-methoxy-",2785-89-9,CHWNEIVBYREQRF-UHFFFAOYSA-N,p-Ethylguaiacol
"Phenol<2,6-dimethoxy->",91-10-1,KLIDCXVFHGNTTM-UHFFFAOYSA-N,Syringol
Phenylethyl acetate,103-45-7,DULCUDSUACXJJC-UHFFFAOYSA-N,ETHYL PHENYLACETATE
Pinene<alpha->,80-56-8,GRWFGVWFFZKLTI-UHFFFAOYSA-N,ALPHA-PINENE
"Propanoic acid, 2-methyl-, 2,2-dimethyl-1-(2-hydroxy-1-methylethyl)propyl ester",74367-33-2,YXISVHDWGVMPGJ-UHFFFAOYSA-N,"(1-hydroxy-2,4,4-trimethylpentan-3-yl) 2-methylpropanoate"
Pyrethrone,22610-79-3,GBEJULSURQZDNX-PLNGDYQASA-N,Pyrethrone
Quinoline,91-22-5,LBUJPTNKIBCYBY-UHFFFAOYSA-N,"1,2,3,4-Tetrahydroquinoline"
"Quinoline, 5-methyl-",7661-55-4,LMYVCXSKCQSIEQ-UHFFFAOYSA-N,5-Methylquinoline
Safrole,94-59-7,ZMQAAUBTXCXRIC-UHFFFAOYSA-N,safrole
Salicylate<2-ethylhexyl->,118-60-5,FMRHJJZUHUTGKE-UHFFFAOYSA-N,2-ETHYLHEXYL SALICYLATE
Styrene,100-42-5,PPBRXRYQALVLMV-UHFFFAOYSA-N,STYRENE
Terpinen-4-ol,562-74-3,WRYLYDPHFGVWKC-UHFFFAOYSA-N,4-Terpineol
Terpinene<alpha->,99-86-5,YHQGMYUVUMAZJR-UHFFFAOYSA-N,ALPHA-TERPINENE
Terpinolene,586-62-9,MOYAFQVGZZPNRA-UHFFFAOYSA-N,TERPINOLENE
Tetradecanol<N->,112-72-1,AHISYUZBWDSPQL-UHFFFAOYSA-N,6-Methyl-2-pyridinecarboxaldehyde
Undecanal,112-44-7,KMPQYAYAQWNLME-UHFFFAOYSA-N,n-Undecanal
Undecanoic acid,112-37-8,ZDPHROOEEOARMN-UHFFFAOYSA-N,n-Undecanoic acid
Viridene,83327-43-9,NA,NA
Z-Jasmone,488-10-8,NA,NA
